<?xml version="1.0" encoding="utf-8"?>

<scene version="0.5.0" >
	<integrator type="path" >
		<integer name="maxDepth" value="65" />
		<boolean name="strictNormals" value="true" />
	</integrator>
	<sensor type="perspective" >
		<float name="fov" value="35" />
		<transform name="toWorld" >
			<matrix value="-0.872027 0.135655 0.470284 -8.83707 0 0.960826 -0.277154 5.8377 -0.489459 -0.241685 -0.837865 14.6207 0 0 0 1"/>
		</transform>
		<sampler type="sobol" >
			<integer name="sampleCount" value="64" />
		</sampler>
		<film type="ldrfilm" >
			<integer name="width" value="1280" />
			<integer name="height" value="720" />
			<string name="fileFormat" value="png" />
			<string name="pixelFormat" value="rgb" />
			<float name="gamma" value="2.2" />
			<boolean name="banner" value="false" />
			<rfilter type="tent" />
		</film>
	</sensor>
	<bsdf type="twosided" id="CarPaint" >
		<bsdf type="coating" >
			<float name="intIOR" value="1.3" />
			<float name="extIOR" value="1" />
			<float name="thickness" value="1" />
			<rgb name="sigmaA" value="1.36688, 0.926143, 2.0149"/>
			<bsdf type="twosided" >
				<bsdf type="roughconductor" >
					<float name="alpha" value="0.1" />
					<string name="distribution" value="ggx" />
					<float name="extEta" value="1" />
					<rgb name="specularReflectance" value="1, 1, 1"/>
					<rgb name="eta" value="1.65746, 0.880369, 0.521229"/>
					<rgb name="k" value="9.22387, 6.26952, 4.837"/>
				</bsdf>
			</bsdf>
		</bsdf>
	</bsdf>
	<bsdf type="thindielectric" id="WindowGlass" >
		<float name="intIOR" value="1.5" />
		<float name="extIOR" value="1" />
	</bsdf>
	<bsdf type="twosided" id="Chrome" >
		<bsdf type="roughconductor" >
			<float name="alpha" value="0.1" />
			<string name="distribution" value="ggx" />
			<float name="extEta" value="1" />
			<rgb name="specularReflectance" value="1, 1, 1"/>
			<rgb name="eta" value="4.36968, 2.9167, 1.6547"/>
			<rgb name="k" value="5.20643, 4.23136, 3.75495"/>
		</bsdf>
	</bsdf>
	<bsdf type="twosided" id="BlackRubber" >
		<bsdf type="roughplastic" >
			<float name="alpha" value="0.4" />
			<string name="distribution" value="ggx" />
			<float name="intIOR" value="1.5" />
			<float name="extIOR" value="1" />
			<boolean name="nonlinear" value="true" />
			<rgb name="diffuseReflectance" value="0.028991, 0.028991, 0.028991"/>
		</bsdf>
	</bsdf>
	<bsdf type="twosided" id="Steel" >
		<bsdf type="conductor" >
			<string name="material" value="none" />
		</bsdf>
	</bsdf>
	<bsdf type="twosided" id="WhiteRubber" >
		<bsdf type="diffuse" >
			<rgb name="reflectance" value="0.578596, 0.578596, 0.578596"/>
		</bsdf>
	</bsdf>
	<bsdf type="twosided" id="Ground" >
		<bsdf type="diffuse" >
			<rgb name="reflectance" value="0.07074, 0.07074, 0.07074"/>
		</bsdf>
	</bsdf>
	<bsdf type="twosided" id="Black" >
		<bsdf type="diffuse" >
			<rgb name="reflectance" value="0, 0, 0"/>
		</bsdf>
	</bsdf>
	<bsdf type="twosided" id="Leather" >
		<bsdf type="roughplastic" >
			<float name="alpha" value="0.4" />
			<string name="distribution" value="ggx" />
			<float name="intIOR" value="1.5" />
			<float name="extIOR" value="1" />
			<boolean name="nonlinear" value="true" />
			<rgb name="diffuseReflectance" value="0.417004, 0.403278, 0.391924"/>
		</bsdf>
	</bsdf>
	<bsdf type="twosided" id="Leather2" >
		<bsdf type="roughplastic" >
			<float name="alpha" value="0.3" />
			<string name="distribution" value="ggx" />
			<float name="intIOR" value="1.5" />
			<float name="extIOR" value="1" />
			<boolean name="nonlinear" value="true" />
			<rgb name="diffuseReflectance" value="0.612066, 0.612066, 0.612066"/>
		</bsdf>
	</bsdf>
	<bsdf type="twosided" id="InnerBody" >
		<bsdf type="diffuse" >
			<rgb name="reflectance" value="0.028991, 0.028991, 0.028991"/>
		</bsdf>
	</bsdf>
	<bsdf type="twosided" id="Dash" >
		<bsdf type="roughplastic" >
			<float name="alpha" value="0.1" />
			<string name="distribution" value="ggx" />
			<float name="intIOR" value="1.5" />
			<float name="extIOR" value="1" />
			<boolean name="nonlinear" value="true" />
			<rgb name="diffuseReflectance" value="0.434446, 0.434446, 0.434446"/>
		</bsdf>
	</bsdf>
	<bsdf type="twosided" id="Cabin" >
		<bsdf type="diffuse" >
			<rgb name="reflectance" value="0.531049, 0.531049, 0.531049"/>
		</bsdf>
	</bsdf>
	<shape type="obj" >
		<string name="filename" value="models/Mesh032.obj" />
		<transform name="toWorld" >
			<matrix value="1 0 0 0 0 1 0 0 0 0 1 0 0 0 0 1"/>
		</transform>
		<ref id="BlackRubber" />
	</shape>
	<shape type="obj" >
		<string name="filename" value="models/Mesh025.obj" />
		<transform name="toWorld" >
			<matrix value="1 0 0 0 0 1 0 0 0 0 1 0 0 0 0 1"/>
		</transform>
		<ref id="WhiteRubber" />
	</shape>
	<shape type="obj" >
		<string name="filename" value="models/Mesh031.obj" />
		<transform name="toWorld" >
			<matrix value="1 0 0 0 0 1 0 0 0 0 1 0 0 0 0 1"/>
		</transform>
		<ref id="Chrome" />
	</shape>
	<shape type="obj" >
		<string name="filename" value="models/Mesh022.obj" />
		<transform name="toWorld" >
			<matrix value="1 0 0 0 0 1 0 0 0 0 1 0 0 0 0 1"/>
		</transform>
		<ref id="Chrome" />
	</shape>
	<shape type="obj" >
		<string name="filename" value="models/Mesh034.obj" />
		<transform name="toWorld" >
			<matrix value="1 0 0 0 0 1 0 0 0 0 1 0 0 0 0 1"/>
		</transform>
		<ref id="Ground" />
	</shape>
	<shape type="obj" >
		<string name="filename" value="models/Mesh048.obj" />
		<transform name="toWorld" >
			<matrix value="1 0 0 0 0 1 0 0 0 0 1 0 0 0 0 1"/>
		</transform>
		<ref id="InnerBody" />
	</shape>
	<shape type="obj" >
		<string name="filename" value="models/Mesh030.obj" />
		<transform name="toWorld" >
			<matrix value="1 0 0 0 0 1 0 0 0 0 1 0 0 0 0 1"/>
		</transform>
		<ref id="Steel" />
	</shape>
	<shape type="obj" >
		<string name="filename" value="models/Mesh040.obj" />
		<transform name="toWorld" >
			<matrix value="1 0 0 0 0 1 0 0 0 0 1 0 0 0 0 1"/>
		</transform>
		<ref id="Chrome" />
	</shape>
	<shape type="obj" >
		<string name="filename" value="models/Mesh023.obj" />
		<transform name="toWorld" >
			<matrix value="1 0 0 0 0 1 0 0 0 0 1 0 0 0 0 1"/>
		</transform>
		<ref id="Leather" />
	</shape>
	<shape type="obj" >
		<string name="filename" value="models/Mesh015.obj" />
		<transform name="toWorld" >
			<matrix value="1 0 0 0 0 1 0 0 0 0 1 0 0 0 0 1"/>
		</transform>
		<ref id="Steel" />
	</shape>
	<shape type="obj" >
		<string name="filename" value="models/Mesh038.obj" />
		<transform name="toWorld" >
			<matrix value="1 0 0 0 0 1 0 0 0 0 1 0 0 0 0 1"/>
		</transform>
		<ref id="Steel" />
	</shape>
	<shape type="obj" >
		<string name="filename" value="models/Mesh027.obj" />
		<transform name="toWorld" >
			<matrix value="1 0 0 0 0 1 0 0 0 0 1 0 0 0 0 1"/>
		</transform>
		<ref id="Leather2" />
	</shape>
	<shape type="obj" >
		<string name="filename" value="models/Mesh036.obj" />
		<transform name="toWorld" >
			<matrix value="1 0 0 0 0 1 0 0 0 0 1 0 0 0 0 1"/>
		</transform>
		<ref id="Steel" />
	</shape>
	<shape type="obj" >
		<string name="filename" value="models/Mesh054.obj" />
		<transform name="toWorld" >
			<matrix value="1 0 0 0 0 1 0 0 0 0 1 0 0 0 0 1"/>
		</transform>
		<ref id="Steel" />
	</shape>
	<shape type="obj" >
		<string name="filename" value="models/Mesh026.obj" />
		<transform name="toWorld" >
			<matrix value="1 0 0 0 0 1 0 0 0 0 1 0 0 0 0 1"/>
		</transform>
		<ref id="Steel" />
	</shape>
	<shape type="obj" >
		<string name="filename" value="models/Mesh028.obj" />
		<transform name="toWorld" >
			<matrix value="1 0 0 0 0 1 0 0 0 0 1 0 0 0 0 1"/>
		</transform>
		<ref id="Chrome" />
	</shape>
	<shape type="obj" >
		<string name="filename" value="models/Mesh046.obj" />
		<transform name="toWorld" >
			<matrix value="1 0 0 0 0 1 0 0 0 0 1 0 0 0 0 1"/>
		</transform>
		<ref id="CarPaint" />
	</shape>
	<shape type="obj" >
		<string name="filename" value="models/Mesh019.obj" />
		<transform name="toWorld" >
			<matrix value="1 0 0 0 0 1 0 0 0 0 1 0 0 0 0 1"/>
		</transform>
		<ref id="InnerBody" />
	</shape>
	<shape type="obj" >
		<string name="filename" value="models/Mesh017.obj" />
		<transform name="toWorld" >
			<matrix value="1 0 0 0 0 1 0 0 0 0 1 0 0 0 0 1"/>
		</transform>
		<ref id="WindowGlass" />
	</shape>
	<shape type="obj" >
		<string name="filename" value="models/Mesh014.obj" />
		<transform name="toWorld" >
			<matrix value="1 0 0 0 0 1 0 0 0 0 1 0 0 0 0 1"/>
		</transform>
		<ref id="BlackRubber" />
	</shape>
	<shape type="obj" >
		<string name="filename" value="models/Mesh013.obj" />
		<transform name="toWorld" >
			<matrix value="1 0 0 0 0 1 0 0 0 0 1 0 0 0 0 1"/>
		</transform>
		<ref id="WhiteRubber" />
	</shape>
	<shape type="obj" >
		<string name="filename" value="models/Mesh035.obj" />
		<transform name="toWorld" >
			<matrix value="1 0 0 0 0 1 0 0 0 0 1 0 0 0 0 1"/>
		</transform>
		<ref id="Chrome" />
	</shape>
	<shape type="obj" >
		<string name="filename" value="models/Mesh042.obj" />
		<transform name="toWorld" >
			<matrix value="1 0 0 0 0 1 0 0 0 0 1 0 0 0 0 1"/>
		</transform>
		<ref id="Chrome" />
	</shape>
	<shape type="obj" >
		<string name="filename" value="models/Mesh029.obj" />
		<transform name="toWorld" >
			<matrix value="1 0 0 0 0 1 0 0 0 0 1 0 0 0 0 1"/>
		</transform>
		<ref id="Black" />
	</shape>
	<shape type="obj" >
		<string name="filename" value="models/Mesh018.obj" />
		<transform name="toWorld" >
			<matrix value="1 0 0 0 0 1 0 0 0 0 1 0 0 0 0 1"/>
		</transform>
		<ref id="Steel" />
	</shape>
	<shape type="obj" >
		<string name="filename" value="models/Mesh024.obj" />
		<transform name="toWorld" >
			<matrix value="1 0 0 0 0 1 0 0 0 0 1 0 0 0 0 1"/>
		</transform>
		<ref id="Chrome" />
	</shape>
	<shape type="obj" >
		<string name="filename" value="models/Mesh041.obj" />
		<transform name="toWorld" >
			<matrix value="1 0 0 0 0 1 0 0 0 0 1 0 0 0 0 1"/>
		</transform>
		<ref id="Chrome" />
	</shape>
	<shape type="obj" >
		<string name="filename" value="models/Mesh044.obj" />
		<transform name="toWorld" >
			<matrix value="1 0 0 0 0 1 0 0 0 0 1 0 0 0 0 1"/>
		</transform>
		<ref id="CarPaint" />
	</shape>
	<shape type="obj" >
		<string name="filename" value="models/Mesh045.obj" />
		<transform name="toWorld" >
			<matrix value="1 0 0 0 0 1 0 0 0 0 1 0 0 0 0 1"/>
		</transform>
		<ref id="Steel" />
	</shape>
	<shape type="obj" >
		<string name="filename" value="models/Mesh058.obj" />
		<transform name="toWorld" >
			<matrix value="1 0 0 0 0 1 0 0 0 0 1 0 0 0 0 1"/>
		</transform>
		<ref id="Steel" />
	</shape>
	<shape type="obj" >
		<string name="filename" value="models/Mesh047.obj" />
		<transform name="toWorld" >
			<matrix value="1 0 0 0 0 1 0 0 0 0 1 0 0 0 0 1"/>
		</transform>
		<ref id="CarPaint" />
	</shape>
	<shape type="obj" >
		<string name="filename" value="models/Mesh021.obj" />
		<transform name="toWorld" >
			<matrix value="1 0 0 0 0 1 0 0 0 0 1 0 0 0 0 1"/>
		</transform>
		<ref id="Chrome" />
	</shape>
	<shape type="obj" >
		<string name="filename" value="models/Mesh037.obj" />
		<transform name="toWorld" >
			<matrix value="1 0 0 0 0 1 0 0 0 0 1 0 0 0 0 1"/>
		</transform>
		<ref id="Steel" />
	</shape>
	<shape type="obj" >
		<string name="filename" value="models/Mesh049.obj" />
		<transform name="toWorld" >
			<matrix value="1 0 0 0 0 1 0 0 0 0 1 0 0 0 0 1"/>
		</transform>
		<ref id="Steel" />
	</shape>
	<shape type="obj" >
		<string name="filename" value="models/Mesh050.obj" />
		<transform name="toWorld" >
			<matrix value="1 0 0 0 0 1 0 0 0 0 1 0 0 0 0 1"/>
		</transform>
		<ref id="Steel" />
	</shape>
	<shape type="obj" >
		<string name="filename" value="models/Mesh043.obj" />
		<transform name="toWorld" >
			<matrix value="1 0 0 0 0 1 0 0 0 0 1 0 0 0 0 1"/>
		</transform>
		<ref id="Steel" />
	</shape>
	<shape type="obj" >
		<string name="filename" value="models/Mesh051.obj" />
		<transform name="toWorld" >
			<matrix value="1 0 0 0 0 1 0 0 0 0 1 0 0 0 0 1"/>
		</transform>
		<ref id="Steel" />
	</shape>
	<shape type="obj" >
		<string name="filename" value="models/Mesh052.obj" />
		<transform name="toWorld" >
			<matrix value="1 0 0 0 0 1 0 0 0 0 1 0 0 0 0 1"/>
		</transform>
		<ref id="Steel" />
	</shape>
	<shape type="obj" >
		<string name="filename" value="models/Mesh053.obj" />
		<transform name="toWorld" >
			<matrix value="1 0 0 0 0 1 0 0 0 0 1 0 0 0 0 1"/>
		</transform>
		<ref id="Chrome" />
	</shape>
	<shape type="obj" >
		<string name="filename" value="models/Mesh033.obj" />
		<transform name="toWorld" >
			<matrix value="1 0 0 0 0 1 0 0 0 0 1 0 0 0 0 1"/>
		</transform>
		<ref id="Steel" />
	</shape>
	<shape type="obj" >
		<string name="filename" value="models/Mesh055.obj" />
		<transform name="toWorld" >
			<matrix value="1 0 0 0 0 1 0 0 0 0 1 0 0 0 0 1"/>
		</transform>
		<ref id="Steel" />
	</shape>
	<shape type="obj" >
		<string name="filename" value="models/Mesh060.obj" />
		<transform name="toWorld" >
			<matrix value="1 0 0 0 0 1 0 0 0 0 1 0 0 0 0 1"/>
		</transform>
		<ref id="CarPaint" />
	</shape>
	<shape type="obj" >
		<string name="filename" value="models/Mesh059.obj" />
		<transform name="toWorld" >
			<matrix value="1 0 0 0 0 1 0 0 0 0 1 0 0 0 0 1"/>
		</transform>
		<ref id="Dash" />
	</shape>
	<shape type="obj" >
		<string name="filename" value="models/Mesh020.obj" />
		<transform name="toWorld" >
			<matrix value="1 0 0 0 0 1 0 0 0 0 1 0 0 0 0 1"/>
		</transform>
		<ref id="Black" />
	</shape>
	<shape type="obj" >
		<string name="filename" value="models/Mesh061.obj" />
		<transform name="toWorld" >
			<matrix value="1 0 0 0 0 1 0 0 0 0 1 0 0 0 0 1"/>
		</transform>
		<ref id="Cabin" />
	</shape>
	<shape type="obj" >
		<string name="filename" value="models/Mesh062.obj" />
		<transform name="toWorld" >
			<matrix value="1 0 0 0 0 1 0 0 0 0 1 0 0 0 0 1"/>
		</transform>
		<ref id="CarPaint" />
	</shape>
	<shape type="obj" >
		<string name="filename" value="models/Mesh012.obj" />
		<transform name="toWorld" >
			<matrix value="1 0 0 0 0 1 0 0 0 0 1 0 0 0 0 1"/>
		</transform>
		<ref id="CarPaint" />
	</shape>
	<shape type="obj" >
		<string name="filename" value="models/Mesh016.obj" />
		<transform name="toWorld" >
			<matrix value="1 0 0 0 0 1 0 0 0 0 1 0 0 0 0 1"/>
		</transform>
		<ref id="WindowGlass" />
	</shape>
	<shape type="obj" >
		<string name="filename" value="models/Mesh011.obj" />
		<transform name="toWorld" >
			<matrix value="1 0 0 0 0 1 0 0 0 0 1 0 0 0 0 1"/>
		</transform>
		<ref id="Steel" />
	</shape>
	<shape type="obj" >
		<string name="filename" value="models/Mesh010.obj" />
		<transform name="toWorld" >
			<matrix value="1 0 0 0 0 1 0 0 0 0 1 0 0 0 0 1"/>
		</transform>
		<ref id="Steel" />
	</shape>
	<shape type="obj" >
		<string name="filename" value="models/Mesh007.obj" />
		<transform name="toWorld" >
			<matrix value="1 0 0 0 0 1 0 0 0 0 1 0 0 0 0 1"/>
		</transform>
		<ref id="Steel" />
	</shape>
	<shape type="obj" >
		<string name="filename" value="models/Mesh006.obj" />
		<transform name="toWorld" >
			<matrix value="1 0 0 0 0 1 0 0 0 0 1 0 0 0 0 1"/>
		</transform>
		<ref id="Steel" />
	</shape>
	<shape type="obj" >
		<string name="filename" value="models/Mesh004.obj" />
		<transform name="toWorld" >
			<matrix value="1 0 0 0 0 1 0 0 0 0 1 0 0 0 0 1"/>
		</transform>
		<ref id="WindowGlass" />
	</shape>
	<shape type="obj" >
		<string name="filename" value="models/Mesh003.obj" />
		<transform name="toWorld" >
			<matrix value="1 0 0 0 0 1 0 0 0 0 1 0 0 0 0 1"/>
		</transform>
		<ref id="WindowGlass" />
	</shape>
	<shape type="obj" >
		<string name="filename" value="models/Mesh005.obj" />
		<transform name="toWorld" >
			<matrix value="1 0 0 0 0 1 0 0 0 0 1 0 0 0 0 1"/>
		</transform>
		<ref id="Steel" />
	</shape>
	<shape type="obj" >
		<string name="filename" value="models/Mesh039.obj" />
		<transform name="toWorld" >
			<matrix value="1 0 0 0 0 1 0 0 0 0 1 0 0 0 0 1"/>
		</transform>
		<ref id="InnerBody" />
	</shape>
	<shape type="obj" >
		<string name="filename" value="models/Mesh057.obj" />
		<transform name="toWorld" >
			<matrix value="1 0 0 0 0 1 0 0 0 0 1 0 0 0 0 1"/>
		</transform>
		<ref id="Chrome" />
	</shape>
	<shape type="obj" >
		<string name="filename" value="models/Mesh009.obj" />
		<transform name="toWorld" >
			<matrix value="1 0 0 0 0 1 0 0 0 0 1 0 0 0 0 1"/>
		</transform>
		<ref id="Steel" />
	</shape>
	<shape type="obj" >
		<string name="filename" value="models/Mesh008.obj" />
		<transform name="toWorld" >
			<matrix value="1 0 0 0 0 1 0 0 0 0 1 0 0 0 0 1"/>
		</transform>
		<ref id="Steel" />
	</shape>
	<shape type="obj" >
		<string name="filename" value="models/Mesh056.obj" />
		<transform name="toWorld" >
			<matrix value="1 0 0 0 0 1 0 0 0 0 1 0 0 0 0 1"/>
		</transform>
		<ref id="Steel" />
	</shape>
	<shape type="obj" >
		<string name="filename" value="models/Mesh002.obj" />
		<transform name="toWorld" >
			<matrix value="1 0 0 0 0 1 0 0 0 0 1 0 0 0 0 1"/>
		</transform>
		<ref id="Steel" />
	</shape>
	<shape type="obj" >
		<string name="filename" value="models/Mesh001.obj" />
		<transform name="toWorld" >
			<matrix value="1 0 0 0 0 1 0 0 0 0 1 0 0 0 0 1"/>
		</transform>
		<ref id="Steel" />
	</shape>
	<shape type="obj" >
		<string name="filename" value="models/Mesh000.obj" />
		<transform name="toWorld" >
			<matrix value="1 0 0 0 0 1 0 0 0 0 1 0 0 0 0 1"/>
		</transform>
		<ref id="Steel" />
	</shape>
	<emitter type="envmap" >
		<transform name="toWorld" >
			<matrix value="0.720696 0 -0.693251 0 0 1 0 0 0.693251 0 0.720696 0 0 0 0 1"/>
		</transform>
		<string name="filename" value="textures/envmap.exr" />
	</emitter>
</scene>
